{
  "model": "XoFTR",
  "wl0": "9000nm",
  "wl1": "11000nm",
  "n_pairs_evaluated": 334,
  "n_pairs_failed": 0,
  "mean_inlier_ratio": 0.9999732677502139,
  "std_inlier_ratio": 0.0003754564042986452,
  "median_inlier_ratio": 1.0,
  "mean_n_inliers": 783.9850299401197,
  "std_n_inliers": 0.30474303506268263,
  "pairs_with_no_matches": 0,
  "pairs_with_no_inliers": 0
}