{
  "model": "MatchAnything",
  "config": "9000nm_11000nm",
  "n_pairs_evaluated": 334,
  "n_pairs_failed": 0,
  "mean_inlier_ratio": 0.6851565778035965,
  "std_inlier_ratio": 0.17291526903432466,
  "mean_n_inliers": 781.5179640718563,
  "std_n_inliers": 580.3430159766201,
  "pairs_with_no_inliers": 0
}