{
  "model": "PoFTR",
  "wl0": "11000nm",
  "wl1": "pan",
  "n_pairs_evaluated": 320,
  "n_pairs_failed": 0,
  "mean_inlier_ratio": 0.9993383290816327,
  "std_inlier_ratio": 0.0027768238702489258,
  "median_inlier_ratio": 1.0,
  "mean_n_inliers": 783.48125,
  "std_n_inliers": 2.1770299142751677,
  "pairs_with_no_matches": 0,
  "pairs_with_no_inliers": 0
}