{
  "model": "PoFTR",
  "wl0": "9000nm",
  "wl1": "11000nm",
  "n_pairs_evaluated": 320,
  "n_pairs_failed": 0,
  "mean_inlier_ratio": 0.9998286033163266,
  "std_inlier_ratio": 0.0008723782758058786,
  "median_inlier_ratio": 1.0,
  "mean_n_inliers": 783.86875,
  "std_n_inliers": 0.6868388813272142,
  "pairs_with_no_matches": 0,
  "pairs_with_no_inliers": 0
}