{
  "model": "MatchAnything",
  "config": "9000nm_pan",
  "n_pairs_evaluated": 763,
  "n_pairs_failed": 0,
  "mean_inlier_ratio": 0.38433003231262663,
  "std_inlier_ratio": 0.3693642734678784,
  "mean_n_inliers": 8.593709043250328,
  "std_n_inliers": 9.755545552830077,
  "pairs_with_no_inliers": 355
}